comparison,lhs,rhs,metric,lhs_value,rhs_value,delta_lhs_minus_rhs
D_VESSEL_MAP vs A_PRIMARY,D_VESSEL_MAP,A_PRIMARY,multiclass_auc,0.8372146170734421,0.6595817131339546,0.1776329039394875
D_VESSEL_MAP vs A_PRIMARY,D_VESSEL_MAP,A_PRIMARY,balanced_accuracy,0.6200316798290858,0.4984956605548309,0.12153601927425489
D_VESSEL_MAP vs A_PRIMARY,D_VESSEL_MAP,A_PRIMARY,macro_f1,0.5887355845085315,0.43463508652728905,0.15410049798124242
D_VESSEL_MAP vs A_PRIMARY,D_VESSEL_MAP,A_PRIMARY,brier,0.38122973438708735,0.5674779631837089,-0.18624822879662156
D_VESSEL_MAP vs A_PRIMARY,D_VESSEL_MAP,A_PRIMARY,ece,0.0800102950112697,0.05018113425244174,0.02982916075882796
D_VESSEL_MAP vs A_PRIMARY,D_VESSEL_MAP,A_PRIMARY,auc_Normal,0.8228135084821924,0.6531521542492662,0.16966135423292616
D_VESSEL_MAP vs A_PRIMARY,D_VESSEL_MAP,A_PRIMARY,auc_Pre_Plus,0.829884850665707,0.766387789372676,0.06349706129303101
D_VESSEL_MAP vs A_PRIMARY,D_VESSEL_MAP,A_PRIMARY,auc_Plus,0.8589454920724271,0.5592051957799214,0.29974029629250565
E_RGB_VESSEL_FEATURE_FUSION vs B_EMBEDDING_ONLY,E_RGB_VESSEL_FEATURE_FUSION,B_EMBEDDING_ONLY,multiclass_auc,0.9328413301919772,0.9249031083308822,0.007938221861095052
E_RGB_VESSEL_FEATURE_FUSION vs B_EMBEDDING_ONLY,E_RGB_VESSEL_FEATURE_FUSION,B_EMBEDDING_ONLY,balanced_accuracy,0.7350486473543607,0.7234246744430043,0.011623972911356417
E_RGB_VESSEL_FEATURE_FUSION vs B_EMBEDDING_ONLY,E_RGB_VESSEL_FEATURE_FUSION,B_EMBEDDING_ONLY,macro_f1,0.7245707274520834,0.708655713902151,0.01591501354993241
E_RGB_VESSEL_FEATURE_FUSION vs B_EMBEDDING_ONLY,E_RGB_VESSEL_FEATURE_FUSION,B_EMBEDDING_ONLY,brier,0.24858956029961063,0.2762827389459132,-0.02769317864630258
E_RGB_VESSEL_FEATURE_FUSION vs B_EMBEDDING_ONLY,E_RGB_VESSEL_FEATURE_FUSION,B_EMBEDDING_ONLY,ece,0.09214218518407216,0.10281727212622088,-0.01067508694214872
E_RGB_VESSEL_FEATURE_FUSION vs B_EMBEDDING_ONLY,E_RGB_VESSEL_FEATURE_FUSION,B_EMBEDDING_ONLY,auc_Normal,0.927663560128152,0.9167624694355125,0.010901090692639448
E_RGB_VESSEL_FEATURE_FUSION vs B_EMBEDDING_ONLY,E_RGB_VESSEL_FEATURE_FUSION,B_EMBEDDING_ONLY,auc_Pre_Plus,0.9354324097397144,0.9312822358162408,0.00415017392347361
E_RGB_VESSEL_FEATURE_FUSION vs B_EMBEDDING_ONLY,E_RGB_VESSEL_FEATURE_FUSION,B_EMBEDDING_ONLY,auc_Plus,0.9354280207080656,0.9266646197408932,0.00876340096717243
E_RGB_VESSEL_FEATURE_FUSION vs C_PRIMARY,E_RGB_VESSEL_FEATURE_FUSION,C_PRIMARY,multiclass_auc,0.9328413301919772,0.9259880884835529,0.006853241708424385
E_RGB_VESSEL_FEATURE_FUSION vs C_PRIMARY,E_RGB_VESSEL_FEATURE_FUSION,C_PRIMARY,balanced_accuracy,0.7350486473543607,0.7204167380124075,0.014631909341953242
E_RGB_VESSEL_FEATURE_FUSION vs C_PRIMARY,E_RGB_VESSEL_FEATURE_FUSION,C_PRIMARY,macro_f1,0.7245707274520834,0.7093470126516402,0.015223714800443156
E_RGB_VESSEL_FEATURE_FUSION vs C_PRIMARY,E_RGB_VESSEL_FEATURE_FUSION,C_PRIMARY,brier,0.24858956029961063,0.2690275909098956,-0.020438030610284957
E_RGB_VESSEL_FEATURE_FUSION vs C_PRIMARY,E_RGB_VESSEL_FEATURE_FUSION,C_PRIMARY,ece,0.09214218518407216,0.09856440675432004,-0.006422221570247882
E_RGB_VESSEL_FEATURE_FUSION vs C_PRIMARY,E_RGB_VESSEL_FEATURE_FUSION,C_PRIMARY,auc_Normal,0.927663560128152,0.9187349365951015,0.008928623533050462
E_RGB_VESSEL_FEATURE_FUSION vs C_PRIMARY,E_RGB_VESSEL_FEATURE_FUSION,C_PRIMARY,auc_Pre_Plus,0.9354324097397144,0.9353664387669426,6.597097277183384e-05
E_RGB_VESSEL_FEATURE_FUSION vs C_PRIMARY,E_RGB_VESSEL_FEATURE_FUSION,C_PRIMARY,auc_Plus,0.9354280207080656,0.9238628900886148,0.011565130619450859
G_RGB_VESSEL_SCALAR_FUSION vs E_RGB_VESSEL_FEATURE_FUSION,G_RGB_VESSEL_SCALAR_FUSION,E_RGB_VESSEL_FEATURE_FUSION,multiclass_auc,0.9348803375026277,0.9328413301919772,0.0020390073106504314
G_RGB_VESSEL_SCALAR_FUSION vs E_RGB_VESSEL_FEATURE_FUSION,G_RGB_VESSEL_SCALAR_FUSION,E_RGB_VESSEL_FEATURE_FUSION,balanced_accuracy,0.7388945424104606,0.7350486473543607,0.0038458950560998906
G_RGB_VESSEL_SCALAR_FUSION vs E_RGB_VESSEL_FEATURE_FUSION,G_RGB_VESSEL_SCALAR_FUSION,E_RGB_VESSEL_FEATURE_FUSION,macro_f1,0.7291626050462439,0.7245707274520834,0.004591877594160465
G_RGB_VESSEL_SCALAR_FUSION vs E_RGB_VESSEL_FEATURE_FUSION,G_RGB_VESSEL_SCALAR_FUSION,E_RGB_VESSEL_FEATURE_FUSION,brier,0.24651481193978736,0.24858956029961063,-0.0020747483598232697
G_RGB_VESSEL_SCALAR_FUSION vs E_RGB_VESSEL_FEATURE_FUSION,G_RGB_VESSEL_SCALAR_FUSION,E_RGB_VESSEL_FEATURE_FUSION,ece,0.09207962474079648,0.09214218518407216,-6.256044327568322e-05
G_RGB_VESSEL_SCALAR_FUSION vs E_RGB_VESSEL_FEATURE_FUSION,G_RGB_VESSEL_SCALAR_FUSION,E_RGB_VESSEL_FEATURE_FUSION,auc_Normal,0.9300357728511488,0.927663560128152,0.0023722127229968137
G_RGB_VESSEL_SCALAR_FUSION vs E_RGB_VESSEL_FEATURE_FUSION,G_RGB_VESSEL_SCALAR_FUSION,E_RGB_VESSEL_FEATURE_FUSION,auc_Pre_Plus,0.9367038503058653,0.9354324097397144,0.0012714405661509165
G_RGB_VESSEL_SCALAR_FUSION vs E_RGB_VESSEL_FEATURE_FUSION,G_RGB_VESSEL_SCALAR_FUSION,E_RGB_VESSEL_FEATURE_FUSION,auc_Plus,0.9379013893508688,0.9354280207080656,0.00247336864280312
G_RGB_VESSEL_SCALAR_FUSION vs B_EMBEDDING_ONLY,G_RGB_VESSEL_SCALAR_FUSION,B_EMBEDDING_ONLY,multiclass_auc,0.9348803375026277,0.9249031083308822,0.009977229171745483
G_RGB_VESSEL_SCALAR_FUSION vs B_EMBEDDING_ONLY,G_RGB_VESSEL_SCALAR_FUSION,B_EMBEDDING_ONLY,balanced_accuracy,0.7388945424104606,0.7234246744430043,0.015469867967456308
G_RGB_VESSEL_SCALAR_FUSION vs B_EMBEDDING_ONLY,G_RGB_VESSEL_SCALAR_FUSION,B_EMBEDDING_ONLY,macro_f1,0.7291626050462439,0.708655713902151,0.020506891144092876
G_RGB_VESSEL_SCALAR_FUSION vs B_EMBEDDING_ONLY,G_RGB_VESSEL_SCALAR_FUSION,B_EMBEDDING_ONLY,brier,0.24651481193978736,0.2762827389459132,-0.02976792700612585
G_RGB_VESSEL_SCALAR_FUSION vs B_EMBEDDING_ONLY,G_RGB_VESSEL_SCALAR_FUSION,B_EMBEDDING_ONLY,ece,0.09207962474079648,0.10281727212622088,-0.010737647385424404
G_RGB_VESSEL_SCALAR_FUSION vs B_EMBEDDING_ONLY,G_RGB_VESSEL_SCALAR_FUSION,B_EMBEDDING_ONLY,auc_Normal,0.9300357728511488,0.9167624694355125,0.013273303415636262
G_RGB_VESSEL_SCALAR_FUSION vs B_EMBEDDING_ONLY,G_RGB_VESSEL_SCALAR_FUSION,B_EMBEDDING_ONLY,auc_Pre_Plus,0.9367038503058653,0.9312822358162408,0.005421614489624527
G_RGB_VESSEL_SCALAR_FUSION vs B_EMBEDDING_ONLY,G_RGB_VESSEL_SCALAR_FUSION,B_EMBEDDING_ONLY,auc_Plus,0.9379013893508688,0.9266646197408932,0.01123676960997555
