feature_name,measurement_version,feature_version,mathematical_definition,unit,roi_definition,depends_on_disc,depends_on_fov,depends_on_resolution,depends_on_av,scale_invariant,padding_invariant,rotation_invariant,missingness_policy,admission_status,allowed_in_final_classifier,requires_expert_validation,known_limitations,generation_script
tort_geodesic_median,CLINICAL_MEASUREMENT_V1,clinical_measurement_v1,median over branches of (smoothed path length / endpoint chord),dimensionless,whole working frame,FALSE,FALSE,FALSE,FALSE,TRUE,TRUE,TRUE,NaN when undefined; never imputed at measurement time,PRIMARY_ALLOWED,TRUE,FALSE,none recorded,src/biomarker/clinical_measurement_v1.py
tort_geodesic_p90,CLINICAL_MEASUREMENT_V1,clinical_measurement_v1,90th percentile of the same per-branch tortuosity,dimensionless,whole working frame,FALSE,FALSE,FALSE,FALSE,TRUE,TRUE,TRUE,NaN when undefined; never imputed at measurement time,PRIMARY_ALLOWED,TRUE,FALSE,none recorded,src/biomarker/clinical_measurement_v1.py
vessel_density_fov,CLINICAL_MEASUREMENT_V1,clinical_measurement_v1,vessel pixels inside the FOV / FOV pixels,fraction of FOV,retinal field of view from the photograph,FALSE,TRUE,FALSE,FALSE,TRUE,TRUE,TRUE,NaN when undefined; never imputed at measurement time,PRIMARY_ALLOWED,TRUE,FALSE,none recorded,src/biomarker/clinical_measurement_v1.py
skel_density_fov,CLINICAL_MEASUREMENT_V1,clinical_measurement_v1,skeleton pixels inside the FOV / FOV pixels,skeleton px per FOV px,retinal field of view from the photograph,FALSE,TRUE,FALSE,FALSE,TRUE,TRUE,TRUE,NaN when undefined; never imputed at measurement time,PRIMARY_ALLOWED,TRUE,FALSE,none recorded,src/biomarker/clinical_measurement_v1.py
n_branches,CLINICAL_MEASUREMENT_V1,clinical_measurement_v1,number of 8-connected branch components after junction removal,count,whole working frame,FALSE,FALSE,FALSE,FALSE,TRUE,TRUE,FALSE,NaN when undefined; never imputed at measurement time,SECONDARY_ALLOWED,TRUE,FALSE,none recorded,src/biomarker/clinical_measurement_v1.py
tort_geodesic_top3_mean,CLINICAL_MEASUREMENT_V1,clinical_measurement_v1,mean of the three largest per-branch tortuosity values,dimensionless,whole working frame,FALSE,FALSE,FALSE,FALSE,TRUE,TRUE,TRUE,NaN when undefined; never imputed at measurement time,SECONDARY_ALLOWED,TRUE,FALSE,none recorded,src/biomarker/clinical_measurement_v1.py
width_p50_dd,CLINICAL_MEASUREMENT_V1,clinical_measurement_v1,median over skeleton pixels of 2*EDT / disc diameter,disc diameters,whole working frame,TRUE,FALSE,FALSE,FALSE,TRUE,TRUE,TRUE,NaN when undefined; never imputed at measurement time,SECONDARY_ALLOWED,TRUE,FALSE,measured width/DD scale spread 0.025,src/biomarker/clinical_measurement_v1.py
width_p90_dd,CLINICAL_MEASUREMENT_V1,clinical_measurement_v1,90th percentile of 2*EDT / disc diameter,disc diameters,whole working frame,TRUE,FALSE,FALSE,FALSE,TRUE,TRUE,TRUE,NaN when undefined; never imputed at measurement time,SECONDARY_ALLOWED,TRUE,FALSE,measured width/DD scale spread 0.025,src/biomarker/clinical_measurement_v1.py
width_mean_dd,CLINICAL_MEASUREMENT_V1,clinical_measurement_v1,mean of 2*EDT / disc diameter,disc diameters,whole working frame,TRUE,FALSE,FALSE,FALSE,TRUE,TRUE,TRUE,NaN when undefined; never imputed at measurement time,SECONDARY_ALLOWED,TRUE,FALSE,none recorded,src/biomarker/clinical_measurement_v1.py
width_ann_p90_dd,CLINICAL_MEASUREMENT_V1,clinical_measurement_v1,90th percentile of the same,disc diameters,"[0.5,2) disc diameters",TRUE,FALSE,FALSE,FALSE,TRUE,TRUE,TRUE,NaN when undefined; never imputed at measurement time,SECONDARY_ALLOWED,TRUE,FALSE,none recorded,src/biomarker/clinical_measurement_v1.py
width_ann_p50_dd,CLINICAL_MEASUREMENT_V1,clinical_measurement_v1,"median 2*EDT / DD for skeleton pixels inside the [0.5,2)DD annulus",disc diameters,"[0.5,2) disc diameters",TRUE,FALSE,FALSE,FALSE,TRUE,TRUE,TRUE,NaN when undefined; never imputed at measurement time,SECONDARY_ALLOWED,TRUE,FALSE,none recorded,src/biomarker/clinical_measurement_v1.py
width_ann_mean_dd,CLINICAL_MEASUREMENT_V1,clinical_measurement_v1,mean of the same,disc diameters,"[0.5,2) disc diameters",TRUE,FALSE,FALSE,FALSE,TRUE,TRUE,TRUE,NaN when undefined; never imputed at measurement time,SECONDARY_ALLOWED,TRUE,FALSE,none recorded,src/biomarker/clinical_measurement_v1.py
width_shape_p90_over_p50,CLINICAL_MEASUREMENT_V1,clinical_measurement_v1,width_p90_px / width_p50_px,ratio,whole working frame,FALSE,FALSE,TRUE,FALSE,TRUE,TRUE,TRUE,NaN when undefined; never imputed at measurement time,SECONDARY_ALLOWED,TRUE,FALSE,none recorded,src/biomarker/clinical_measurement_v1.py
vessel_density_fov_ring_2_3dd,CLINICAL_MEASUREMENT_V1,clinical_measurement_v1,"vessel pixels inside ring[2,3)DD AND FOV / pixels of ring AND FOV",fraction,concentric annulus about the disc centre,TRUE,TRUE,FALSE,FALSE,TRUE,TRUE,TRUE,NaN when undefined; never imputed at measurement time,SECONDARY_ALLOWED,TRUE,FALSE,none recorded,src/biomarker/clinical_measurement_v1.py
vessel_density_fov_ring_3_6dd,CLINICAL_MEASUREMENT_V1,clinical_measurement_v1,"vessel pixels inside ring[3,6)DD AND FOV / pixels of ring AND FOV",fraction,concentric annulus about the disc centre,TRUE,TRUE,FALSE,FALSE,TRUE,TRUE,TRUE,NaN when undefined; never imputed at measurement time,SECONDARY_ALLOWED,TRUE,FALSE,none recorded,src/biomarker/clinical_measurement_v1.py
fractal_d0,CLINICAL_MEASUREMENT_V1,clinical_measurement_v1,capacity dimension from PVBM MultifractalVBMs on the FOV-masked mask,dimensionless,whole working frame,FALSE,TRUE,TRUE,FALSE,FALSE,FALSE,TRUE,NaN when undefined; never imputed at measurement time,SECONDARY_ALLOWED,TRUE,FALSE,relative spread 0.118 across resolution/padding/crop/morphology perturbations,src/biomarker/clinical_measurement_v1.py
fractal_d1,CLINICAL_MEASUREMENT_V1,clinical_measurement_v1,"information dimension, same implementation",dimensionless,whole working frame,FALSE,TRUE,TRUE,FALSE,FALSE,FALSE,TRUE,NaN when undefined; never imputed at measurement time,SECONDARY_ALLOWED,TRUE,FALSE,relative spread 0.082,src/biomarker/clinical_measurement_v1.py
fractal_d2,CLINICAL_MEASUREMENT_V1,clinical_measurement_v1,"correlation dimension, same implementation",dimensionless,whole working frame,FALSE,TRUE,TRUE,FALSE,FALSE,FALSE,TRUE,NaN when undefined; never imputed at measurement time,SECONDARY_ALLOWED,TRUE,FALSE,relative spread 0.079,src/biomarker/clinical_measurement_v1.py
vessel_density_wholeframe,CLINICAL_MEASUREMENT_V1,clinical_measurement_v1,vessel pixels / all pixels in the working frame,fraction of frame,whole working frame,FALSE,FALSE,FALSE,FALSE,FALSE,FALSE,FALSE,NaN when undefined; never imputed at measurement time,EXPLORATORY_ONLY,FALSE,FALSE,provenance only; fails padding invariance by -83% at +300 px,src/biomarker/clinical_measurement_v1.py
vessel_density_fov_ring_0_2dd,CLINICAL_MEASUREMENT_V1,clinical_measurement_v1,"vessel pixels inside ring[0,2)DD AND FOV / pixels of ring AND FOV",fraction,concentric annulus about the disc centre,TRUE,FALSE,FALSE,FALSE,FALSE,FALSE,FALSE,NaN when undefined; never imputed at measurement time,EXPLORATORY_ONLY,FALSE,FALSE,the innermost ring is dominated by the disc and major vessel trunks,src/biomarker/clinical_measurement_v1.py
width_p50_px,CLINICAL_MEASUREMENT_V1,clinical_measurement_v1,"median over skeleton pixels of 2*EDT, in working pixels",working pixels,whole working frame,FALSE,FALSE,FALSE,FALSE,FALSE,FALSE,FALSE,NaN when undefined; never imputed at measurement time,EXPLORATORY_ONLY,FALSE,FALSE,none recorded,src/biomarker/clinical_measurement_v1.py
width_p90_px,CLINICAL_MEASUREMENT_V1,clinical_measurement_v1,90th percentile of 2*EDT,working pixels,whole working frame,FALSE,FALSE,FALSE,FALSE,FALSE,FALSE,FALSE,NaN when undefined; never imputed at measurement time,EXPLORATORY_ONLY,FALSE,FALSE,none recorded,src/biomarker/clinical_measurement_v1.py
width_mean_px,CLINICAL_MEASUREMENT_V1,clinical_measurement_v1,mean of 2*EDT,working pixels,whole working frame,FALSE,FALSE,FALSE,FALSE,FALSE,FALSE,FALSE,NaN when undefined; never imputed at measurement time,EXPLORATORY_ONLY,FALSE,FALSE,none recorded,src/biomarker/clinical_measurement_v1.py
width_p95_dd,CLINICAL_MEASUREMENT_V1,clinical_measurement_v1,95th percentile of 2*EDT / disc diameter,disc diameters,whole working frame,TRUE,FALSE,FALSE,FALSE,FALSE,FALSE,FALSE,NaN when undefined; never imputed at measurement time,EXPLORATORY_ONLY,FALSE,FALSE,p95 is tail-dominated and unstable,src/biomarker/clinical_measurement_v1.py
vessel_pixels_work,CLINICAL_MEASUREMENT_V1,clinical_measurement_v1,count of vessel mask pixels at the working resolution,pixels,whole working frame,FALSE,FALSE,FALSE,FALSE,FALSE,FALSE,FALSE,NaN when undefined; never imputed at measurement time,EXPLORATORY_ONLY,FALSE,FALSE,none recorded,src/biomarker/clinical_measurement_v1.py
vessel_area_fraction_work,CLINICAL_MEASUREMENT_V1,clinical_measurement_v1,vessel mask pixels / all pixels in the working frame,fraction,whole working frame,FALSE,FALSE,FALSE,FALSE,FALSE,FALSE,FALSE,NaN when undefined; never imputed at measurement time,EXPLORATORY_ONLY,FALSE,FALSE,none recorded,src/biomarker/clinical_measurement_v1.py
skeleton_px_work,CLINICAL_MEASUREMENT_V1,clinical_measurement_v1,count of skeleton pixels at the working resolution,pixels,whole working frame,FALSE,FALSE,FALSE,FALSE,FALSE,FALSE,FALSE,NaN when undefined; never imputed at measurement time,EXPLORATORY_ONLY,FALSE,FALSE,none recorded,src/biomarker/clinical_measurement_v1.py
branch_px_work,CLINICAL_MEASUREMENT_V1,clinical_measurement_v1,total pixels belonging to scored skeleton branches,pixels,whole working frame,FALSE,FALSE,FALSE,FALSE,FALSE,FALSE,FALSE,NaN when undefined; never imputed at measurement time,EXPLORATORY_ONLY,FALSE,FALSE,none recorded,src/biomarker/clinical_measurement_v1.py
n_startpoints,CLINICAL_MEASUREMENT_V1,clinical_measurement_v1,skeleton pixels with exactly two 8-neighbours (line ends),count,whole working frame,FALSE,FALSE,FALSE,FALSE,FALSE,FALSE,FALSE,NaN when undefined; never imputed at measurement time,EXPLORATORY_ONLY,FALSE,FALSE,"ROI/boundary topology, not vascular topology",src/biomarker/clinical_measurement_v1.py
n_endpoints,CLINICAL_MEASUREMENT_V1,clinical_measurement_v1,same quantity as n_startpoints in this implementation,count,whole working frame,FALSE,FALSE,FALSE,FALSE,FALSE,FALSE,FALSE,NaN when undefined; never imputed at measurement time,EXPLORATORY_ONLY,FALSE,FALSE,ROI/boundary topology,src/biomarker/clinical_measurement_v1.py
n_intersections,CLINICAL_MEASUREMENT_V1,clinical_measurement_v1,skeleton pixels with four or more 8-neighbours,count,whole working frame,FALSE,FALSE,FALSE,FALSE,FALSE,FALSE,FALSE,NaN when undefined; never imputed at measurement time,EXPLORATORY_ONLY,FALSE,FALSE,"scale-dependent (7 at 1x, 19 at 2x on a fixed synthetic tree)",src/biomarker/clinical_measurement_v1.py
n_startpoints_fov,CLINICAL_MEASUREMENT_V1,clinical_measurement_v1,n_startpoints computed on the skeleton restricted to the FOV,count,whole working frame,FALSE,FALSE,FALSE,FALSE,FALSE,FALSE,FALSE,NaN when undefined; never imputed at measurement time,EXPLORATORY_ONLY,FALSE,FALSE,same quantity measured inside the FOV; no more biological,src/biomarker/clinical_measurement_v1.py
n_endpoints_fov,CLINICAL_MEASUREMENT_V1,clinical_measurement_v1,n_endpoints computed on the skeleton restricted to the FOV,count,whole working frame,FALSE,FALSE,FALSE,FALSE,FALSE,FALSE,FALSE,NaN when undefined; never imputed at measurement time,EXPLORATORY_ONLY,FALSE,FALSE,same,src/biomarker/clinical_measurement_v1.py
n_intersections_fov,CLINICAL_MEASUREMENT_V1,clinical_measurement_v1,n_intersections computed on the skeleton restricted to the FOV,count,whole working frame,FALSE,FALSE,FALSE,FALSE,FALSE,FALSE,FALSE,NaN when undefined; never imputed at measurement time,EXPLORATORY_ONLY,FALSE,FALSE,same,src/biomarker/clinical_measurement_v1.py
tort_pixelcount_median_provenance,CLINICAL_MEASUREMENT_V1,clinical_measurement_v1,median over branches of (branch pixel count / hull chord); historical definition retained for provenance,dimensionless,whole working frame,FALSE,FALSE,FALSE,FALSE,FALSE,FALSE,FALSE,NaN when undefined; never imputed at measurement time,EXPLORATORY_ONLY,FALSE,FALSE,"historical definition, kept only to demonstrate the orientation defect (dispersion 0.293 vs 0.004)",src/biomarker/clinical_measurement_v1.py
singularity_length,CLINICAL_MEASUREMENT_V1,clinical_measurement_v1,PVBM multifractal singularity length,dimensionless,whole working frame,FALSE,FALSE,FALSE,FALSE,FALSE,FALSE,FALSE,NaN when undefined; never imputed at measurement time,FORBIDDEN_FROM_FINAL_CLASSIFIER,FALSE,FALSE,relative spread 1.243 across perturbations; rotation alone changes it by +110%,src/biomarker/clinical_measurement_v1.py
frame_sector_ne_density,CLINICAL_MEASUREMENT_V1,clinical_measurement_v1,vessel fraction in the image-frame NE sector of the posterior pole (r<6DD),fraction,image-frame angular sectors about the disc centre,FALSE,FALSE,FALSE,FALSE,FALSE,FALSE,FALSE,NaN when undefined; never imputed at measurement time,EXPLORATORY_ONLY,FALSE,FALSE,"image-frame geometry, not anatomy",src/biomarker/clinical_measurement_v1.py
frame_sector_nw_density,CLINICAL_MEASUREMENT_V1,clinical_measurement_v1,vessel fraction in the image-frame NW sector,fraction,image-frame angular sectors about the disc centre,FALSE,FALSE,FALSE,FALSE,FALSE,FALSE,FALSE,NaN when undefined; never imputed at measurement time,EXPLORATORY_ONLY,FALSE,FALSE,"image-frame geometry, not anatomy",src/biomarker/clinical_measurement_v1.py
frame_sector_sw_density,CLINICAL_MEASUREMENT_V1,clinical_measurement_v1,vessel fraction in the image-frame SW sector,fraction,image-frame angular sectors about the disc centre,FALSE,FALSE,FALSE,FALSE,FALSE,FALSE,FALSE,NaN when undefined; never imputed at measurement time,EXPLORATORY_ONLY,FALSE,FALSE,"image-frame geometry, not anatomy",src/biomarker/clinical_measurement_v1.py
frame_sector_se_density,CLINICAL_MEASUREMENT_V1,clinical_measurement_v1,vessel fraction in the image-frame SE sector,fraction,image-frame angular sectors about the disc centre,FALSE,FALSE,FALSE,FALSE,FALSE,FALSE,FALSE,NaN when undefined; never imputed at measurement time,EXPLORATORY_ONLY,FALSE,FALSE,"image-frame geometry, not anatomy",src/biomarker/clinical_measurement_v1.py
sector_density_range,CLINICAL_MEASUREMENT_V1,clinical_measurement_v1,max minus min of the four frame-sector densities,fraction,image-frame angular sectors about the disc centre,FALSE,FALSE,FALSE,FALSE,FALSE,FALSE,FALSE,NaN when undefined; never imputed at measurement time,EXPLORATORY_ONLY,FALSE,FALSE,derived from frame sectors,src/biomarker/clinical_measurement_v1.py
n_sectors_above_median,CLINICAL_MEASUREMENT_V1,clinical_measurement_v1,count of frame sectors whose density exceeds their median,count,image-frame angular sectors about the disc centre,FALSE,FALSE,FALSE,FALSE,FALSE,FALSE,FALSE,NaN when undefined; never imputed at measurement time,EXPLORATORY_ONLY,FALSE,FALSE,derived from frame sectors,src/biomarker/clinical_measurement_v1.py
a_frac,CLINICAL_MEASUREMENT_V1,clinical_measurement_v1,length fraction of branches assigned to the artery group by a median split of background-corrected green,fraction,whole working frame,FALSE,FALSE,FALSE,TRUE,FALSE,FALSE,FALSE,NaN when undefined; never imputed at measurement time,EXPLORATORY_ONLY,FALSE,TRUE,unvalidated A/V heuristic,src/biomarker/clinical_measurement_v1.py
a_width_p90_px,CLINICAL_MEASUREMENT_V1,clinical_measurement_v1,90th percentile of branch median 2*EDT for the artery group,working pixels,whole working frame,FALSE,FALSE,FALSE,TRUE,FALSE,FALSE,FALSE,NaN when undefined; never imputed at measurement time,EXPLORATORY_ONLY,FALSE,TRUE,unvalidated A/V heuristic,src/biomarker/clinical_measurement_v1.py
v_width_p90_px,CLINICAL_MEASUREMENT_V1,clinical_measurement_v1,90th percentile of branch median 2*EDT for the vein group,working pixels,whole working frame,FALSE,FALSE,FALSE,TRUE,FALSE,FALSE,FALSE,NaN when undefined; never imputed at measurement time,EXPLORATORY_ONLY,FALSE,TRUE,unvalidated A/V heuristic,src/biomarker/clinical_measurement_v1.py
av_width_ratio_p90,CLINICAL_MEASUREMENT_V1,clinical_measurement_v1,a_width_p90_px / v_width_p90_px,ratio,whole working frame,FALSE,FALSE,FALSE,TRUE,FALSE,FALSE,FALSE,NaN when undefined; never imputed at measurement time,EXPLORATORY_ONLY,FALSE,TRUE,unvalidated A/V heuristic; the disc cancels so it is defined when the disc is not,src/biomarker/clinical_measurement_v1.py
width_quantisation_floor_dd,CLINICAL_MEASUREMENT_V1,clinical_measurement_v1,ceil(native_long_side/256) / dd_px,disc diameters,whole working frame,FALSE,FALSE,FALSE,FALSE,FALSE,FALSE,FALSE,NaN when undefined; never imputed at measurement time,FORBIDDEN_FROM_FINAL_CLASSIFIER,FALSE,FALSE,a QC quantity that is a deterministic function of image size and disc size,src/biomarker/clinical_measurement_v1.py
disc_valid,CLINICAL_MEASUREMENT_V1,clinical_measurement_v1,1 when the disc detector passed confidence and diameter-fraction gates,flag,whole working frame,FALSE,FALSE,FALSE,FALSE,FALSE,FALSE,FALSE,NaN when undefined; never imputed at measurement time,FORBIDDEN_FROM_FINAL_CLASSIFIER,FALSE,FALSE,detector-validity metadata,src/biomarker/clinical_measurement_v1.py
disc_peak_prob,CLINICAL_MEASUREMENT_V1,clinical_measurement_v1,peak probability of the disc detector,probability,whole working frame,FALSE,FALSE,FALSE,FALSE,FALSE,FALSE,FALSE,NaN when undefined; never imputed at measurement time,FORBIDDEN_FROM_FINAL_CLASSIFIER,FALSE,FALSE,detector confidence,src/biomarker/clinical_measurement_v1.py
disc_method,CLINICAL_MEASUREMENT_V1,clinical_measurement_v1,label naming the disc source,label,whole working frame,FALSE,FALSE,FALSE,FALSE,FALSE,FALSE,FALSE,NaN when undefined; never imputed at measurement time,FORBIDDEN_FROM_FINAL_CLASSIFIER,FALSE,FALSE,detector status,src/biomarker/clinical_measurement_v1.py
dd_px_work,CLINICAL_MEASUREMENT_V1,clinical_measurement_v1,disc diameter in working pixels,working pixels,whole working frame,FALSE,FALSE,FALSE,FALSE,FALSE,FALSE,FALSE,NaN when undefined; never imputed at measurement time,FORBIDDEN_FROM_FINAL_CLASSIFIER,FALSE,FALSE,an absolute size; a camera fingerprint,src/biomarker/clinical_measurement_v1.py
dd_over_min_side,CLINICAL_MEASUREMENT_V1,clinical_measurement_v1,"disc diameter / min(image height, width)",ratio,whole working frame,FALSE,FALSE,FALSE,FALSE,FALSE,FALSE,FALSE,NaN when undefined; never imputed at measurement time,FORBIDDEN_FROM_FINAL_CLASSIFIER,FALSE,FALSE,disc diameter relative to image size: pure acquisition geometry,src/biomarker/clinical_measurement_v1.py
disc_cx_frac,CLINICAL_MEASUREMENT_V1,clinical_measurement_v1,disc centre x / width,fraction,whole working frame,FALSE,FALSE,FALSE,FALSE,FALSE,FALSE,FALSE,NaN when undefined; never imputed at measurement time,FORBIDDEN_FROM_FINAL_CLASSIFIER,FALSE,FALSE,image-frame position,src/biomarker/clinical_measurement_v1.py
disc_cy_frac,CLINICAL_MEASUREMENT_V1,clinical_measurement_v1,disc centre y / height,fraction,whole working frame,FALSE,FALSE,FALSE,FALSE,FALSE,FALSE,FALSE,NaN when undefined; never imputed at measurement time,FORBIDDEN_FROM_FINAL_CLASSIFIER,FALSE,FALSE,image-frame position,src/biomarker/clinical_measurement_v1.py
disc_centre_offset_frac,CLINICAL_MEASUREMENT_V1,clinical_measurement_v1,distance from disc centre to image centre / width,fraction,whole working frame,FALSE,FALSE,FALSE,FALSE,FALSE,FALSE,FALSE,NaN when undefined; never imputed at measurement time,FORBIDDEN_FROM_FINAL_CLASSIFIER,FALSE,FALSE,framing/crop indicator,src/biomarker/clinical_measurement_v1.py
fov_valid,CLINICAL_MEASUREMENT_V1,clinical_measurement_v1,1 when the FOV detection passed the coverage and fragmentation gates,flag,whole working frame,FALSE,FALSE,FALSE,FALSE,FALSE,FALSE,FALSE,NaN when undefined; never imputed at measurement time,FORBIDDEN_FROM_FINAL_CLASSIFIER,FALSE,FALSE,QC metadata,src/biomarker/clinical_measurement_v1.py
fov_coverage_fraction,CLINICAL_MEASUREMENT_V1,clinical_measurement_v1,FOV pixels / all pixels,fraction,whole working frame,FALSE,FALSE,FALSE,FALSE,FALSE,FALSE,FALSE,NaN when undefined; never imputed at measurement time,FORBIDDEN_FROM_FINAL_CLASSIFIER,FALSE,FALSE,acquisition geometry,src/biomarker/clinical_measurement_v1.py
fov_n_components,CLINICAL_MEASUREMENT_V1,clinical_measurement_v1,number of connected bright components before largest-component selection,count,whole working frame,FALSE,FALSE,FALSE,FALSE,FALSE,FALSE,FALSE,NaN when undefined; never imputed at measurement time,FORBIDDEN_FROM_FINAL_CLASSIFIER,FALSE,FALSE,QC metadata,src/biomarker/clinical_measurement_v1.py
fov_border_contact,CLINICAL_MEASUREMENT_V1,clinical_measurement_v1,fraction of the image border lying inside the FOV,fraction,whole working frame,FALSE,FALSE,FALSE,FALSE,FALSE,FALSE,FALSE,NaN when undefined; never imputed at measurement time,FORBIDDEN_FROM_FINAL_CLASSIFIER,FALSE,FALSE,black-border style indicator,src/biomarker/clinical_measurement_v1.py
fov_centroid_offset,CLINICAL_MEASUREMENT_V1,clinical_measurement_v1,distance from FOV centroid to image centre / width,fraction,whole working frame,FALSE,FALSE,FALSE,FALSE,FALSE,FALSE,FALSE,NaN when undefined; never imputed at measurement time,FORBIDDEN_FROM_FINAL_CLASSIFIER,FALSE,FALSE,framing indicator,src/biomarker/clinical_measurement_v1.py
fov_failure_reason,CLINICAL_MEASUREMENT_V1,clinical_measurement_v1,"label naming the FOV gate that failed, empty when none",label,whole working frame,FALSE,FALSE,FALSE,FALSE,FALSE,FALSE,FALSE,NaN when undefined; never imputed at measurement time,FORBIDDEN_FROM_FINAL_CLASSIFIER,FALSE,FALSE,QC metadata,src/biomarker/clinical_measurement_v1.py
roi_coverage_ring_0_2dd,CLINICAL_MEASUREMENT_V1,clinical_measurement_v1,"fraction of ring[0,2)DD lying inside the FOV",fraction,concentric annulus about the disc centre,FALSE,FALSE,FALSE,FALSE,FALSE,FALSE,FALSE,NaN when undefined; never imputed at measurement time,FORBIDDEN_FROM_FINAL_CLASSIFIER,FALSE,FALSE,"QC gate, not a measurement",src/biomarker/clinical_measurement_v1.py
roi_coverage_ring_2_3dd,CLINICAL_MEASUREMENT_V1,clinical_measurement_v1,"fraction of ring[2,3)DD lying inside the FOV",fraction,concentric annulus about the disc centre,FALSE,FALSE,FALSE,FALSE,FALSE,FALSE,FALSE,NaN when undefined; never imputed at measurement time,FORBIDDEN_FROM_FINAL_CLASSIFIER,FALSE,FALSE,QC gate,src/biomarker/clinical_measurement_v1.py
roi_coverage_ring_3_6dd,CLINICAL_MEASUREMENT_V1,clinical_measurement_v1,"fraction of ring[3,6)DD lying inside the FOV",fraction,concentric annulus about the disc centre,FALSE,FALSE,FALSE,FALSE,FALSE,FALSE,FALSE,NaN when undefined; never imputed at measurement time,FORBIDDEN_FROM_FINAL_CLASSIFIER,FALSE,FALSE,QC gate,src/biomarker/clinical_measurement_v1.py
roi_coverage_annulus,CLINICAL_MEASUREMENT_V1,clinical_measurement_v1,"fraction of the [0.5,2)DD annulus lying inside the FOV",fraction,"[0.5,2) disc diameters",FALSE,FALSE,FALSE,FALSE,FALSE,FALSE,FALSE,NaN when undefined; never imputed at measurement time,FORBIDDEN_FROM_FINAL_CLASSIFIER,FALSE,FALSE,QC gate,src/biomarker/clinical_measurement_v1.py
roi_coverage_pole,CLINICAL_MEASUREMENT_V1,clinical_measurement_v1,fraction of r<6DD lying inside the FOV,fraction,image-frame angular sectors about the disc centre,FALSE,FALSE,FALSE,FALSE,FALSE,FALSE,FALSE,NaN when undefined; never imputed at measurement time,FORBIDDEN_FROM_FINAL_CLASSIFIER,FALSE,FALSE,QC gate,src/biomarker/clinical_measurement_v1.py
n_skel_px_disc,CLINICAL_MEASUREMENT_V1,clinical_measurement_v1,skeleton pixels inside the juxta-papillary annulus,count,whole working frame,FALSE,FALSE,FALSE,FALSE,FALSE,FALSE,FALSE,NaN when undefined; never imputed at measurement time,FORBIDDEN_FROM_FINAL_CLASSIFIER,FALSE,FALSE,absolute count,src/biomarker/clinical_measurement_v1.py
measurement_version,CLINICAL_MEASUREMENT_V1,clinical_measurement_v1,constant string identifying the measurement layer,label,whole working frame,FALSE,FALSE,FALSE,FALSE,FALSE,FALSE,FALSE,NaN when undefined; never imputed at measurement time,FORBIDDEN_FROM_FINAL_CLASSIFIER,FALSE,FALSE,provenance,src/biomarker/clinical_measurement_v1.py
work_resolution,CLINICAL_MEASUREMENT_V1,clinical_measurement_v1,long side of the working grid in pixels,pixels,whole working frame,FALSE,FALSE,FALSE,FALSE,FALSE,FALSE,FALSE,NaN when undefined; never imputed at measurement time,FORBIDDEN_FROM_FINAL_CLASSIFIER,FALSE,FALSE,provenance,src/biomarker/clinical_measurement_v1.py
vessel_density,HISTORICAL_UNVERSIONED,pvbm_v1,Vessel mask pixels / (H*W) over the full rectangular frame. Acquisition-canvas dependent: changed by -46% with 100px of black padding and -77% with 300px. Not a retinal quantity. See fov_density() in geometry_core for the corrected form.,fraction of pixels,UNKNOWN (historical),UNKNOWN,UNKNOWN,1,UNKNOWN,UNKNOWN,UNKNOWN,UNKNOWN,not disc dependent; NaN only on extraction failure,HISTORICAL_NOT_ADMITTED,FALSE,TRUE,exploratory,src/biomarker/extract_pvbm.py
vessel_pixels,HISTORICAL_UNVERSIONED,pvbm_v1,"Raw vessel pixel count. Scales with resolution and field of view; QC only, never a clinical biomarker.",count,UNKNOWN (historical),UNKNOWN,UNKNOWN,1,UNKNOWN,UNKNOWN,UNKNOWN,UNKNOWN,not disc dependent; NaN only on extraction failure,HISTORICAL_NOT_ADMITTED,FALSE,TRUE,qc_only,src/biomarker/extract_pvbm.py
density_r0c0,HISTORICAL_UNVERSIONED,pvbm_v1,"Vessel fraction in the top-left ninth of the RECTANGLE. Frame-relative, not anatomy-relative: the same retina lands in a different cell when the canvas or framing changes.",fraction,UNKNOWN (historical),UNKNOWN,UNKNOWN,1,UNKNOWN,UNKNOWN,UNKNOWN,UNKNOWN,not disc dependent; NaN only on extraction failure,HISTORICAL_NOT_ADMITTED,FALSE,TRUE,exploratory,src/biomarker/extract_pvbm.py
density_r0c1,HISTORICAL_UNVERSIONED,pvbm_v1,see density_r0c0,fraction,UNKNOWN (historical),UNKNOWN,UNKNOWN,1,UNKNOWN,UNKNOWN,UNKNOWN,UNKNOWN,not disc dependent; NaN only on extraction failure,HISTORICAL_NOT_ADMITTED,FALSE,TRUE,exploratory,src/biomarker/extract_pvbm.py
density_r0c2,HISTORICAL_UNVERSIONED,pvbm_v1,see density_r0c0,fraction,UNKNOWN (historical),UNKNOWN,UNKNOWN,1,UNKNOWN,UNKNOWN,UNKNOWN,UNKNOWN,not disc dependent; NaN only on extraction failure,HISTORICAL_NOT_ADMITTED,FALSE,TRUE,exploratory,src/biomarker/extract_pvbm.py
density_r1c0,HISTORICAL_UNVERSIONED,pvbm_v1,see density_r0c0,fraction,UNKNOWN (historical),UNKNOWN,UNKNOWN,1,UNKNOWN,UNKNOWN,UNKNOWN,UNKNOWN,not disc dependent; NaN only on extraction failure,HISTORICAL_NOT_ADMITTED,FALSE,TRUE,exploratory,src/biomarker/extract_pvbm.py
density_r1c1,HISTORICAL_UNVERSIONED,pvbm_v1,see density_r0c0,fraction,UNKNOWN (historical),UNKNOWN,UNKNOWN,1,UNKNOWN,UNKNOWN,UNKNOWN,UNKNOWN,not disc dependent; NaN only on extraction failure,HISTORICAL_NOT_ADMITTED,FALSE,TRUE,exploratory,src/biomarker/extract_pvbm.py
density_r1c2,HISTORICAL_UNVERSIONED,pvbm_v1,see density_r0c0,fraction,UNKNOWN (historical),UNKNOWN,UNKNOWN,1,UNKNOWN,UNKNOWN,UNKNOWN,UNKNOWN,not disc dependent; NaN only on extraction failure,HISTORICAL_NOT_ADMITTED,FALSE,TRUE,exploratory,src/biomarker/extract_pvbm.py
density_r2c0,HISTORICAL_UNVERSIONED,pvbm_v1,see density_r0c0,fraction,UNKNOWN (historical),UNKNOWN,UNKNOWN,1,UNKNOWN,UNKNOWN,UNKNOWN,UNKNOWN,not disc dependent; NaN only on extraction failure,HISTORICAL_NOT_ADMITTED,FALSE,TRUE,exploratory,src/biomarker/extract_pvbm.py
density_r2c1,HISTORICAL_UNVERSIONED,pvbm_v1,see density_r0c0,fraction,UNKNOWN (historical),UNKNOWN,UNKNOWN,1,UNKNOWN,UNKNOWN,UNKNOWN,UNKNOWN,not disc dependent; NaN only on extraction failure,HISTORICAL_NOT_ADMITTED,FALSE,TRUE,exploratory,src/biomarker/extract_pvbm.py
density_r2c2,HISTORICAL_UNVERSIONED,pvbm_v1,see density_r0c0,fraction,UNKNOWN (historical),UNKNOWN,UNKNOWN,1,UNKNOWN,UNKNOWN,UNKNOWN,UNKNOWN,not disc dependent; NaN only on extraction failure,HISTORICAL_NOT_ADMITTED,FALSE,TRUE,exploratory,src/biomarker/extract_pvbm.py
area,HISTORICAL_UNVERSIONED,pvbm_v1,PVBM mask area = sum of the binary mask. Disc-independent (measured 0.0% change under every disc perturbation) but resolution dependent.,pixels,UNKNOWN (historical),UNKNOWN,UNKNOWN,1,UNKNOWN,UNKNOWN,UNKNOWN,UNKNOWN,not disc dependent; NaN only on extraction failure,HISTORICAL_NOT_ADMITTED,FALSE,TRUE,exploratory,src/biomarker/extract_pvbm.py
tortuosity_index,HISTORICAL_UNVERSIONED,pvbm_v1,"PVBM: sum(arc)/sum(chord) over all branch segments, arc computed with geometric edge weights (diagonal = sqrt(2)). Audit: median relative change <= 0.3% under every optic-disc perturbation, so it is effectively disc-robust. Correct direction (>= 1).",ratio (unitless),UNKNOWN (historical),UNKNOWN,UNKNOWN,1,UNKNOWN,UNKNOWN,UNKNOWN,UNKNOWN,not disc dependent; NaN only on extraction failure,HISTORICAL_NOT_ADMITTED,FALSE,TRUE,validated_correct,src/biomarker/extract_pvbm.py
median_tortuosity,HISTORICAL_UNVERSIONED,pvbm_v1,PVBM: median(arc/chord) per segment. Audit: <= 0.3% median change under disc perturbation. This is the only tortuosity feature whose definition is verified correct against analytic arcs.,ratio (unitless),UNKNOWN (historical),UNKNOWN,UNKNOWN,1,UNKNOWN,UNKNOWN,UNKNOWN,UNKNOWN,not disc dependent; NaN only on extraction failure,HISTORICAL_NOT_ADMITTED,FALSE,TRUE,validated_correct,src/biomarker/extract_pvbm.py
overall_length,HISTORICAL_UNVERSIONED,pvbm_v1,"PVBM: sum of branch arc lengths. CONFIRMED SENSITIVE: median 11% change when the disc radius is inflated, 7.8% when the measured disc replaces the fabricated one. Resolution and field-of-view dependent.",pixels,UNKNOWN (historical),UNKNOWN,UNKNOWN,1,UNKNOWN,UNKNOWN,UNKNOWN,UNKNOWN,NaN when disc_valid = 0; never imputed from the image centre,HISTORICAL_NOT_ADMITTED,FALSE,TRUE,exploratory,src/biomarker/extract_pvbm.py
median_branching_angle,HISTORICAL_UNVERSIONED,pvbm_v1,"PVBM: median angle at junctions. Median 62% change under centre perturbation in the worst case, 10.4% when the measured disc is used. Geometry-definition dependent.",degrees,UNKNOWN (historical),UNKNOWN,UNKNOWN,1,UNKNOWN,UNKNOWN,UNKNOWN,UNKNOWN,NaN when disc_valid = 0; never imputed from the image centre,HISTORICAL_NOT_ADMITTED,FALSE,TRUE,exploratory,src/biomarker/extract_pvbm.py
n_startpoints,HISTORICAL_UNVERSIONED,pvbm_v1,"PVBM: number of graph roots. Roots are chosen as the nearest skeleton point to the disc centre within 100 + radius pixels, where radius came from the FABRICATED disc max(8, min(H,W)//8) -- a pure function of image size. Audit: median 50% change when the measured disc replaces it, up to 400%. This is an acquisition-size feature, not a vascular one. Excluded from classifiers pending a disc-valid recomputation.",count,UNKNOWN (historical),UNKNOWN,UNKNOWN,1,UNKNOWN,UNKNOWN,UNKNOWN,UNKNOWN,NaN when disc_valid = 0; never imputed from the image centre,HISTORICAL_NOT_ADMITTED,FALSE,TRUE,confirmed_defect,src/biomarker/extract_pvbm.py
n_endpoints,HISTORICAL_UNVERSIONED,pvbm_v1,"PVBM: endpoint count. Same root-selection dependency as n_startpoints. Median 12% change with the measured disc, up to 120%. Excluded pending recomputation.",count,UNKNOWN (historical),UNKNOWN,UNKNOWN,1,UNKNOWN,UNKNOWN,UNKNOWN,UNKNOWN,NaN when disc_valid = 0; never imputed from the image centre,HISTORICAL_NOT_ADMITTED,FALSE,TRUE,confirmed_defect,src/biomarker/extract_pvbm.py
n_intersections,HISTORICAL_UNVERSIONED,pvbm_v1,"PVBM: junction count. Same root-selection dependency. Median 4.5% change with the measured disc, up to 100%. Excluded pending recomputation.",count,UNKNOWN (historical),UNKNOWN,UNKNOWN,1,UNKNOWN,UNKNOWN,UNKNOWN,UNKNOWN,NaN when disc_valid = 0; never imputed from the image centre,HISTORICAL_NOT_ADMITTED,FALSE,TRUE,confirmed_defect,src/biomarker/extract_pvbm.py
fractal_d0,HISTORICAL_UNVERSIONED,pvbm_v1,"PVBM multifractal capacity dimension of the mask. Independent of the disc parameters because it is computed on the mask alone, but resolution dependent.",dimension,UNKNOWN (historical),UNKNOWN,UNKNOWN,1,UNKNOWN,UNKNOWN,UNKNOWN,UNKNOWN,not disc dependent; NaN only on extraction failure,HISTORICAL_NOT_ADMITTED,FALSE,TRUE,exploratory,src/biomarker/extract_pvbm.py
fractal_d1,HISTORICAL_UNVERSIONED,pvbm_v1,"PVBM multifractal information dimension. Disc-independent, resolution dependent.",dimension,UNKNOWN (historical),UNKNOWN,UNKNOWN,1,UNKNOWN,UNKNOWN,UNKNOWN,UNKNOWN,not disc dependent; NaN only on extraction failure,HISTORICAL_NOT_ADMITTED,FALSE,TRUE,exploratory,src/biomarker/extract_pvbm.py
fractal_d2,HISTORICAL_UNVERSIONED,pvbm_v1,"PVBM multifractal correlation dimension. Disc-independent, resolution dependent.",dimension,UNKNOWN (historical),UNKNOWN,UNKNOWN,1,UNKNOWN,UNKNOWN,UNKNOWN,UNKNOWN,not disc dependent; NaN only on extraction failure,HISTORICAL_NOT_ADMITTED,FALSE,TRUE,exploratory,src/biomarker/extract_pvbm.py
singularity_length,HISTORICAL_UNVERSIONED,pvbm_v1,"PVBM multifractal singularity length. Disc-independent, resolution dependent.",pixels,UNKNOWN (historical),UNKNOWN,UNKNOWN,1,UNKNOWN,UNKNOWN,UNKNOWN,UNKNOWN,not disc dependent; NaN only on extraction failure,HISTORICAL_NOT_ADMITTED,FALSE,TRUE,exploratory,src/biomarker/extract_pvbm.py
disc_method,HISTORICAL_UNVERSIONED,clinical_v3,DETECTOR STATUS. Must never be a predictor.,category,UNKNOWN (historical),UNKNOWN,UNKNOWN,0,UNKNOWN,UNKNOWN,UNKNOWN,UNKNOWN,NaN when disc_valid = 0; never imputed from the image centre,HISTORICAL_NOT_ADMITTED,FALSE,TRUE,qc_only,scripts/clinical_features_v3.py
dd_px_work,HISTORICAL_UNVERSIONED,clinical_v3,Disc diameter in working pixels. QC only.,pixels,UNKNOWN (historical),UNKNOWN,UNKNOWN,1,UNKNOWN,UNKNOWN,UNKNOWN,UNKNOWN,NaN when disc_valid = 0; never imputed from the image centre,HISTORICAL_NOT_ADMITTED,FALSE,TRUE,qc_only,scripts/clinical_features_v3.py
dd_over_min_side,HISTORICAL_UNVERSIONED,clinical_v3,"Disc diameter / min(H,W). An acquisition-scale feature.",ratio,UNKNOWN (historical),UNKNOWN,UNKNOWN,1,UNKNOWN,UNKNOWN,UNKNOWN,UNKNOWN,NaN when disc_valid = 0; never imputed from the image centre,HISTORICAL_NOT_ADMITTED,FALSE,TRUE,exploratory,scripts/clinical_features_v3.py
disc_cx_frac,HISTORICAL_UNVERSIONED,clinical_v3,Disc centre x as a fraction of the width. A framing feature.,fraction,UNKNOWN (historical),UNKNOWN,UNKNOWN,1,UNKNOWN,UNKNOWN,UNKNOWN,UNKNOWN,NaN when disc_valid = 0; never imputed from the image centre,HISTORICAL_NOT_ADMITTED,FALSE,TRUE,exploratory,scripts/clinical_features_v3.py
disc_cy_frac,HISTORICAL_UNVERSIONED,clinical_v3,Disc centre y as a fraction of the height. A framing feature.,fraction,UNKNOWN (historical),UNKNOWN,UNKNOWN,1,UNKNOWN,UNKNOWN,UNKNOWN,UNKNOWN,NaN when disc_valid = 0; never imputed from the image centre,HISTORICAL_NOT_ADMITTED,FALSE,TRUE,exploratory,scripts/clinical_features_v3.py
disc_centre_offset_frac,HISTORICAL_UNVERSIONED,clinical_v3,Distance from the disc centre to the image centre. A framing feature; correlates with source.,fraction,UNKNOWN (historical),UNKNOWN,UNKNOWN,1,UNKNOWN,UNKNOWN,UNKNOWN,UNKNOWN,NaN when disc_valid = 0; never imputed from the image centre,HISTORICAL_NOT_ADMITTED,FALSE,TRUE,exploratory,scripts/clinical_features_v3.py
density_ring_0_2dd,HISTORICAL_UNVERSIONED,clinical_v3,Vessel fraction in the 0-2 DD ring. Depends on the disc and on how much of the ring is inside the frame; coverage must be reported.,fraction,UNKNOWN (historical),UNKNOWN,UNKNOWN,1,UNKNOWN,UNKNOWN,UNKNOWN,UNKNOWN,NaN when disc_valid = 0; never imputed from the image centre,HISTORICAL_NOT_ADMITTED,FALSE,TRUE,exploratory,scripts/clinical_features_v3.py
coverage_ring_0_2dd,HISTORICAL_UNVERSIONED,clinical_v3,Fraction of the frame inside the ring. A coverage/QC feature.,fraction,UNKNOWN (historical),UNKNOWN,UNKNOWN,1,UNKNOWN,UNKNOWN,UNKNOWN,UNKNOWN,NaN when disc_valid = 0; never imputed from the image centre,HISTORICAL_NOT_ADMITTED,FALSE,TRUE,qc_only,scripts/clinical_features_v3.py
density_ring_2_3dd,HISTORICAL_UNVERSIONED,clinical_v3,see density_ring_0_2dd,fraction,UNKNOWN (historical),UNKNOWN,UNKNOWN,1,UNKNOWN,UNKNOWN,UNKNOWN,UNKNOWN,NaN when disc_valid = 0; never imputed from the image centre,HISTORICAL_NOT_ADMITTED,FALSE,TRUE,exploratory,scripts/clinical_features_v3.py
coverage_ring_2_3dd,HISTORICAL_UNVERSIONED,clinical_v3,see coverage_ring_0_2dd,fraction,UNKNOWN (historical),UNKNOWN,UNKNOWN,1,UNKNOWN,UNKNOWN,UNKNOWN,UNKNOWN,NaN when disc_valid = 0; never imputed from the image centre,HISTORICAL_NOT_ADMITTED,FALSE,TRUE,qc_only,scripts/clinical_features_v3.py
density_ring_3_6dd,HISTORICAL_UNVERSIONED,clinical_v3,see density_ring_0_2dd,fraction,UNKNOWN (historical),UNKNOWN,UNKNOWN,1,UNKNOWN,UNKNOWN,UNKNOWN,UNKNOWN,NaN when disc_valid = 0; never imputed from the image centre,HISTORICAL_NOT_ADMITTED,FALSE,TRUE,exploratory,scripts/clinical_features_v3.py
coverage_ring_3_6dd,HISTORICAL_UNVERSIONED,clinical_v3,see coverage_ring_0_2dd,fraction,UNKNOWN (historical),UNKNOWN,UNKNOWN,1,UNKNOWN,UNKNOWN,UNKNOWN,UNKNOWN,NaN when disc_valid = 0; never imputed from the image centre,HISTORICAL_NOT_ADMITTED,FALSE,TRUE,qc_only,scripts/clinical_features_v3.py
density_q_ne,HISTORICAL_UNVERSIONED,clinical_v3,"Quadrant density. Quadrants are geometric (top-right etc.), NOT laterality-aware, so they are not the clinical quadrants of ICROP.",fraction,UNKNOWN (historical),UNKNOWN,UNKNOWN,1,UNKNOWN,UNKNOWN,UNKNOWN,UNKNOWN,NaN when disc_valid = 0; never imputed from the image centre,HISTORICAL_NOT_ADMITTED,FALSE,TRUE,exploratory,scripts/clinical_features_v3.py
density_q_nw,HISTORICAL_UNVERSIONED,clinical_v3,see density_q_ne,fraction,UNKNOWN (historical),UNKNOWN,UNKNOWN,1,UNKNOWN,UNKNOWN,UNKNOWN,UNKNOWN,NaN when disc_valid = 0; never imputed from the image centre,HISTORICAL_NOT_ADMITTED,FALSE,TRUE,exploratory,scripts/clinical_features_v3.py
density_q_sw,HISTORICAL_UNVERSIONED,clinical_v3,see density_q_ne,fraction,UNKNOWN (historical),UNKNOWN,UNKNOWN,1,UNKNOWN,UNKNOWN,UNKNOWN,UNKNOWN,NaN when disc_valid = 0; never imputed from the image centre,HISTORICAL_NOT_ADMITTED,FALSE,TRUE,exploratory,scripts/clinical_features_v3.py
density_q_se,HISTORICAL_UNVERSIONED,clinical_v3,see density_q_ne,fraction,UNKNOWN (historical),UNKNOWN,UNKNOWN,1,UNKNOWN,UNKNOWN,UNKNOWN,UNKNOWN,NaN when disc_valid = 0; never imputed from the image centre,HISTORICAL_NOT_ADMITTED,FALSE,TRUE,exploratory,scripts/clinical_features_v3.py
n_quad_above_median,HISTORICAL_UNVERSIONED,clinical_v3,Number of geometric quadrants above their median.,count,UNKNOWN (historical),UNKNOWN,UNKNOWN,1,UNKNOWN,UNKNOWN,UNKNOWN,UNKNOWN,NaN when disc_valid = 0; never imputed from the image centre,HISTORICAL_NOT_ADMITTED,FALSE,TRUE,exploratory,scripts/clinical_features_v3.py
quad_density_max,HISTORICAL_UNVERSIONED,clinical_v3,see density_q_ne,fraction,UNKNOWN (historical),UNKNOWN,UNKNOWN,1,UNKNOWN,UNKNOWN,UNKNOWN,UNKNOWN,NaN when disc_valid = 0; never imputed from the image centre,HISTORICAL_NOT_ADMITTED,FALSE,TRUE,exploratory,scripts/clinical_features_v3.py
quad_density_min,HISTORICAL_UNVERSIONED,clinical_v3,see density_q_ne,fraction,UNKNOWN (historical),UNKNOWN,UNKNOWN,1,UNKNOWN,UNKNOWN,UNKNOWN,UNKNOWN,NaN when disc_valid = 0; never imputed from the image centre,HISTORICAL_NOT_ADMITTED,FALSE,TRUE,exploratory,scripts/clinical_features_v3.py
quad_density_range,HISTORICAL_UNVERSIONED,clinical_v3,see density_q_ne,fraction,UNKNOWN (historical),UNKNOWN,UNKNOWN,1,UNKNOWN,UNKNOWN,UNKNOWN,UNKNOWN,NaN when disc_valid = 0; never imputed from the image centre,HISTORICAL_NOT_ADMITTED,FALSE,TRUE,exploratory,scripts/clinical_features_v3.py
vessel_density,HISTORICAL_UNVERSIONED,clinical_v3,Vessel mask pixels / (H*W) over the full rectangular frame. Acquisition-canvas dependent (see the pvbm_v1 entry of the same name).,fraction of pixels,UNKNOWN (historical),UNKNOWN,UNKNOWN,1,UNKNOWN,UNKNOWN,UNKNOWN,UNKNOWN,not disc dependent; NaN only on extraction failure,HISTORICAL_NOT_ADMITTED,FALSE,TRUE,exploratory,scripts/clinical_features_v3.py
n_skel_px,HISTORICAL_UNVERSIONED,clinical_v3,Skeleton pixel count. QC only.,count,UNKNOWN (historical),UNKNOWN,UNKNOWN,1,UNKNOWN,UNKNOWN,UNKNOWN,UNKNOWN,not disc dependent; NaN only on extraction failure,HISTORICAL_NOT_ADMITTED,FALSE,TRUE,qc_only,scripts/clinical_features_v3.py
skel_density,HISTORICAL_UNVERSIONED,clinical_v3,"Skeleton pixels / total pixels. Canvas dependent, like vessel_density.",fraction,UNKNOWN (historical),UNKNOWN,UNKNOWN,1,UNKNOWN,UNKNOWN,UNKNOWN,UNKNOWN,not disc dependent; NaN only on extraction failure,HISTORICAL_NOT_ADMITTED,FALSE,TRUE,exploratory,scripts/clinical_features_v3.py
width_p50_dd,HISTORICAL_UNVERSIONED,clinical_v3,Median full vessel width at skeleton pixels divided by the MEASURED disc diameter. Verified scale-invariant in a synthetic 1x/2x/4x test. Requires expert agreement data before it is a validated clinical measurement.,disc diameters,UNKNOWN (historical),UNKNOWN,UNKNOWN,1,UNKNOWN,UNKNOWN,UNKNOWN,UNKNOWN,NaN when disc_valid = 0; never imputed from the image centre,HISTORICAL_NOT_ADMITTED,FALSE,TRUE,requires_expert_data,scripts/clinical_features_v3.py
width_p90_dd,HISTORICAL_UNVERSIONED,clinical_v3,90th percentile width / DD. The primary calibre candidate.,disc diameters,UNKNOWN (historical),UNKNOWN,UNKNOWN,1,UNKNOWN,UNKNOWN,UNKNOWN,UNKNOWN,NaN when disc_valid = 0; never imputed from the image centre,HISTORICAL_NOT_ADMITTED,FALSE,TRUE,requires_expert_data,scripts/clinical_features_v3.py
width_p95_dd,HISTORICAL_UNVERSIONED,clinical_v3,95th percentile width / DD.,disc diameters,UNKNOWN (historical),UNKNOWN,UNKNOWN,1,UNKNOWN,UNKNOWN,UNKNOWN,UNKNOWN,NaN when disc_valid = 0; never imputed from the image centre,HISTORICAL_NOT_ADMITTED,FALSE,TRUE,requires_expert_data,scripts/clinical_features_v3.py
width_mean_dd,HISTORICAL_UNVERSIONED,clinical_v3,Mean width / DD.,disc diameters,UNKNOWN (historical),UNKNOWN,UNKNOWN,1,UNKNOWN,UNKNOWN,UNKNOWN,UNKNOWN,NaN when disc_valid = 0; never imputed from the image centre,HISTORICAL_NOT_ADMITTED,FALSE,TRUE,requires_expert_data,scripts/clinical_features_v3.py
width_shape_p90_over_p50,HISTORICAL_UNVERSIONED,clinical_v3,width_p90_px / width_p50_px. Scale-free by construction.,ratio,UNKNOWN (historical),UNKNOWN,UNKNOWN,0,UNKNOWN,UNKNOWN,UNKNOWN,UNKNOWN,not disc dependent; NaN only on extraction failure,HISTORICAL_NOT_ADMITTED,FALSE,TRUE,exploratory,scripts/clinical_features_v3.py
n_skel_ann_px,HISTORICAL_UNVERSIONED,clinical_v3,Skeleton pixels inside the annulus. QC and coverage check.,count,UNKNOWN (historical),UNKNOWN,UNKNOWN,1,UNKNOWN,UNKNOWN,UNKNOWN,UNKNOWN,NaN when disc_valid = 0; never imputed from the image centre,HISTORICAL_NOT_ADMITTED,FALSE,TRUE,qc_only,scripts/clinical_features_v3.py
width_ann_p50_dd,HISTORICAL_UNVERSIONED,clinical_v3,Width / DD restricted to the 0.5-2.0 DD peripapillary zone.,disc diameters,UNKNOWN (historical),UNKNOWN,UNKNOWN,1,UNKNOWN,UNKNOWN,UNKNOWN,UNKNOWN,NaN when disc_valid = 0; never imputed from the image centre,HISTORICAL_NOT_ADMITTED,FALSE,TRUE,requires_expert_data,scripts/clinical_features_v3.py
width_ann_p90_dd,HISTORICAL_UNVERSIONED,clinical_v3,see width_ann_p50_dd,disc diameters,UNKNOWN (historical),UNKNOWN,UNKNOWN,1,UNKNOWN,UNKNOWN,UNKNOWN,UNKNOWN,NaN when disc_valid = 0; never imputed from the image centre,HISTORICAL_NOT_ADMITTED,FALSE,TRUE,requires_expert_data,scripts/clinical_features_v3.py
width_ann_mean_dd,HISTORICAL_UNVERSIONED,clinical_v3,see width_ann_p50_dd,disc diameters,UNKNOWN (historical),UNKNOWN,UNKNOWN,1,UNKNOWN,UNKNOWN,UNKNOWN,UNKNOWN,NaN when disc_valid = 0; never imputed from the image centre,HISTORICAL_NOT_ADMITTED,FALSE,TRUE,requires_expert_data,scripts/clinical_features_v3.py
n_branches,HISTORICAL_UNVERSIONED,clinical_v3,Junction-free skeleton segments. Resolution dependent.,count,UNKNOWN (historical),UNKNOWN,UNKNOWN,1,UNKNOWN,UNKNOWN,UNKNOWN,UNKNOWN,not disc dependent; NaN only on extraction failure,HISTORICAL_NOT_ADMITTED,FALSE,TRUE,exploratory,scripts/clinical_features_v3.py
tort_median,HISTORICAL_UNVERSIONED,clinical_v3,"clinical_v3 tortuosity: skeleton pixel count / convex-hull chord. CONFIRMED BUG: orientation dependent (1.005 at 0 deg, 0.712 at 45 deg for the same straight vessel). Superseded by branch_tortuosity() in geometry_core. Never consumed by Branch A or C.",ratio,UNKNOWN (historical),UNKNOWN,UNKNOWN,1,UNKNOWN,UNKNOWN,UNKNOWN,UNKNOWN,not disc dependent; NaN only on extraction failure,HISTORICAL_NOT_ADMITTED,FALSE,TRUE,confirmed_defect,scripts/clinical_features_v3.py
tort_p90,HISTORICAL_UNVERSIONED,clinical_v3,see tort_median; same defect.,ratio,UNKNOWN (historical),UNKNOWN,UNKNOWN,1,UNKNOWN,UNKNOWN,UNKNOWN,UNKNOWN,not disc dependent; NaN only on extraction failure,HISTORICAL_NOT_ADMITTED,FALSE,TRUE,confirmed_defect,scripts/clinical_features_v3.py
tort_top3_mean,HISTORICAL_UNVERSIONED,clinical_v3,see tort_median; same defect.,ratio,UNKNOWN (historical),UNKNOWN,UNKNOWN,1,UNKNOWN,UNKNOWN,UNKNOWN,UNKNOWN,not disc dependent; NaN only on extraction failure,HISTORICAL_NOT_ADMITTED,FALSE,TRUE,confirmed_defect,scripts/clinical_features_v3.py
a_frac,HISTORICAL_UNVERSIONED,clinical_v3,Length-weighted fraction of skeleton assigned to the arterial class by an unsupervised green-intensity split. Exploratory until expert A/V labels exist.,fraction,UNKNOWN (historical),UNKNOWN,UNKNOWN,1,UNKNOWN,UNKNOWN,UNKNOWN,UNKNOWN,not disc dependent; NaN only on extraction failure,HISTORICAL_NOT_ADMITTED,FALSE,TRUE,exploratory,scripts/clinical_features_v3.py
a_width_p90_dd,HISTORICAL_UNVERSIONED,clinical_v3,Arterial width / DD. Depends on the unvalidated A/V heuristic; must not be a primary clinical biomarker until expert A/V labels exist.,disc diameters,UNKNOWN (historical),UNKNOWN,UNKNOWN,1,UNKNOWN,UNKNOWN,UNKNOWN,UNKNOWN,NaN when disc_valid = 0; never imputed from the image centre,HISTORICAL_NOT_ADMITTED,FALSE,TRUE,exploratory,scripts/clinical_features_v3.py
v_width_p90_dd,HISTORICAL_UNVERSIONED,clinical_v3,Venous width / DD. Same A/V caveat.,disc diameters,UNKNOWN (historical),UNKNOWN,UNKNOWN,1,UNKNOWN,UNKNOWN,UNKNOWN,UNKNOWN,NaN when disc_valid = 0; never imputed from the image centre,HISTORICAL_NOT_ADMITTED,FALSE,TRUE,exploratory,scripts/clinical_features_v3.py
av_width_ratio_p90,HISTORICAL_UNVERSIONED,clinical_v3,"Arterial/venous width ratio. The disc cancels, so it is defined even without a disc. Same A/V caveat.",ratio,UNKNOWN (historical),UNKNOWN,UNKNOWN,0,UNKNOWN,UNKNOWN,UNKNOWN,UNKNOWN,not disc dependent; NaN only on extraction failure,HISTORICAL_NOT_ADMITTED,FALSE,TRUE,exploratory,scripts/clinical_features_v3.py
a_tort_median,HISTORICAL_UNVERSIONED,clinical_v3,Always NaN in the historical table: the column is 100% null. Dead feature.,ratio,UNKNOWN (historical),UNKNOWN,UNKNOWN,1,UNKNOWN,UNKNOWN,UNKNOWN,UNKNOWN,not disc dependent; NaN only on extraction failure,HISTORICAL_NOT_ADMITTED,FALSE,TRUE,confirmed_defect,scripts/clinical_features_v3.py
v_tort_median,HISTORICAL_UNVERSIONED,clinical_v3,Always NaN in the historical table: the column is 100% null. Dead feature.,ratio,UNKNOWN (historical),UNKNOWN,UNKNOWN,1,UNKNOWN,UNKNOWN,UNKNOWN,UNKNOWN,not disc dependent; NaN only on extraction failure,HISTORICAL_NOT_ADMITTED,FALSE,TRUE,confirmed_defect,scripts/clinical_features_v3.py
