camera,subset,image,dice,cldice,precision,recall,gt_frac,pred_frac
Neo,Neo_Vessels_images,1.png,0.49923077494778934,0.5430329004742064,0.4896560773279293,0.509187386294724,0.047549019607843135,0.04944564590542099
Neo,Neo_Vessels_images,10.png,0.47038294661384644,0.4755458649495692,0.49659938460312875,0.4467957390003315,0.05364138792772011,0.0482617262591311
Neo,Neo_Vessels_images,11.png,0.5804792491289612,0.6554347651001159,0.5431171745754367,0.6233614839928122,0.04720371972318339,0.054177960399846216
Neo,Neo_Vessels_images,12.png,0.5466255456787946,0.5823094539082558,0.5872877860638286,0.5112293861074858,0.049526864667435604,0.04311274509803922
Neo,Neo_Vessels_images,13.png,0.4777283423560122,0.5208917232840613,0.45350121762907175,0.504690100186789,0.0353770184544406,0.03937019415609381
Neo,Neo_Vessels_images,14.png,0.5246847430273407,0.5913035280701485,0.5497783857434445,0.5017818171093765,0.09777201076509034,0.08923635140330642
Neo,Neo_Vessels_images,15.png,0.5592355807724666,0.6333971589578782,0.6022919274777417,0.521924500819324,0.03167435601691657,0.02744785659361784
Neo,Neo_Vessels_images,16.png,0.46236853242890746,0.4958713102889848,0.5154876772656947,0.4191741490916684,0.04603037293348712,0.037430074971164934
Neo,Neo_Vessels_images,17.png,0.5539672880904483,0.6160517254599607,0.5249489037913797,0.5863815780425524,0.05241517685505575,0.05854911572472126
Neo,Neo_Vessels_images,18.png,0.47532733796188437,0.5212995099081866,0.5774929235746057,0.40387660912649037,0.042484621299500196,0.029712129950019223
Neo,Neo_Vessels_images,19.png,0.5185654274432492,0.5862243397417377,0.5804450602672414,0.46860839077542943,0.04639874086889658,0.037458910034602076
Neo,Neo_Vessels_images,2.png,0.47752115978846316,0.5296303894325426,0.5318925095908799,0.43323483785181355,0.03252835447904652,0.026494857747020376
Neo,Neo_Vessels_images,20.png,0.5119882734792168,0.584947333223739,0.5874395428762444,0.45371296714645326,0.05956555171088043,0.046005863129565554
Neo,Neo_Vessels_images,21.png,0.4598552667157058,0.5048124944077921,0.5097558931782876,0.418853214410559,0.045368608227604766,0.03727821030372933
Neo,Neo_Vessels_images,22.png,0.5270927035632919,0.5990255524665412,0.48914697401494706,0.571420855184334,0.04893598615916955,0.05716695501730104
Neo,Neo_Vessels_images,23.png,0.5045661640596361,0.5325163675838478,0.513441389148507,0.4959925553399596,0.06068098808150711,0.05861880046136102
Neo,Neo_Vessels_images,24.png,0.5166127135720884,0.6183125359059044,0.48472482530253946,0.5529915668453034,0.07035106689734717,0.08025903498654363
Neo,Neo_Vessels_images,25.png,0.48767096800455917,0.5460772989879182,0.5343469316072056,0.4484943494232434,0.05134924067666282,0.04309904844290657
Neo,Neo_Vessels_images,26.png,0.47363014180571256,0.5552074137556487,0.44908797352654684,0.5010097802301405,0.04842584582852749,0.05402465397923875
Neo,Neo_Vessels_images,27.png,0.5238878461983338,0.587784549218775,0.5009281142901423,0.5490533695719315,0.06224144559784698,0.0682211168781238
Neo,Neo_Vessels_images,28.png,0.4954196750902527,0.537141755811262,0.525101160354707,0.46891417441890265,0.056258650519031145,0.05023885044213764
Neo,Neo_Vessels_images,29.png,0.4136375270376746,0.43554405349249,0.3305142518005229,0.5526195808134311,0.03583861976163014,0.05992214532871972
Neo,Neo_Vessels_images,3.png,0.4487921650385032,0.4853406116378722,0.4484411087827351,0.4491437713644817,0.058274942329873125,0.05836625336409074
Neo,Neo_Vessels_images,30.png,0.4881905610355598,0.5403424082991332,0.4487164941842684,0.535279683656777,0.08167147251057286,0.09742695117262591
Neo,Neo_Vessels_images,31.png,0.4826706421041423,0.5388060572635633,0.4774200887271073,0.48803796841420716,0.05579416570549788,0.05703503460207612
Neo,Neo_Vessels_images,32.png,0.5079216946697462,0.5799391152230406,0.45089835490856517,0.5814561669093474,0.05825427720107651,0.07512182814302192
Neo,Neo_Vessels_images,33.png,0.518281267101784,0.5989778020762693,0.46099218101513584,0.5918300223654782,0.05479382929642445,0.07034529988465975
Neo,Neo_Vessels_images,34.png,0.48877391466243353,0.5014669102896285,0.44213056173913484,0.5464194053208138,0.07677335640138408,0.09488249711649366
Neo,Neo_Vessels_images,35.png,0.4856200615806068,0.5255484950563537,0.44993496679883943,0.5274532620135993,0.0778515474817378,0.09126441753171857
Neo,Neo_Vessels_images,36.png,0.5141543250941362,0.5920612627405029,0.4524494940165791,0.595347515396725,0.06426062091503268,0.08455618031526337
Neo,Neo_Vessels_images,37.png,0.5072916278318359,0.5528344100522253,0.4502699661921806,0.5808497620182559,0.06754950019223376,0.08713908112264514
Neo,Neo_Vessels_images,38.png,0.5281524957257829,0.6061178770600919,0.567087913317961,0.49422007609013757,0.09852941176470588,0.08586889657823914
Neo,Neo_Vessels_images,39.png,0.5384860150848523,0.5852469213194537,0.4893317769186559,0.5986182742402474,0.05502426951172626,0.06731329296424453
Neo,Neo_Vessels_images,4.png,0.5160192927880362,0.5649654803563572,0.5292891602004652,0.5033985321904663,0.06473015186466743,0.0615638216070742
Neo,Neo_Vessels_images,40.png,0.433334109646467,0.4776856862983799,0.5522322720426198,0.35656419027360575,0.05015643021914648,0.032384900038446754
Neo,Neo_Vessels_images,41.png,0.43909100144349233,0.4584871964644999,0.39198144047242434,0.49907091147343774,0.04474336793540946,0.056967272202998846
Neo,Neo_Vessels_images,42.png,0.5331239896258563,0.6026693281463004,0.5910973565441651,0.48550669378071515,0.05671856978085352,0.046586649365628605
Neo,Neo_Vessels_images,43.png,0.4899014559659091,0.5619968085542252,0.4763040206291235,0.5042980597330348,0.042070117262591314,0.04454272395232603
Neo,Neo_Vessels_images,44.png,0.47584465452117114,0.5285527482010661,0.5774090787081352,0.4046653108018414,0.06769968281430219,0.047445934256055367
Neo,Neo_Vessels_images,45.png,0.5335215836001317,0.6185574565121373,0.4608041831262762,0.6334896948327247,0.04579584775086505,0.06295775663206458
Neo,Neo_Vessels_images,46.png,0.46732414904639474,0.5543558164717932,0.6441925489307035,0.3666557704218567,0.055866974240676666,0.03179786620530565
Neo,Neo_Vessels_images,47.png,0.4831486969246689,0.5423762888397855,0.5649095045000494,0.4220625036946541,0.04877835447904652,0.03644391580161476
Neo,Neo_Vessels_images,48.png,0.5090008231156531,0.6001128256213301,0.49768484645776284,0.5208433603150295,0.04393502499038831,0.04597943098808151
Neo,Neo_Vessels_images,49.png,0.5181621788082251,0.5819886313606983,0.46935808354888336,0.578293427205599,0.04614427143406382,0.05685409457900807
Neo,Neo_Vessels_images,5.png,0.40647033687059325,0.47018841693650726,0.6174672725305637,0.3029486703115877,0.036214917339484815,0.017768166089965398
Neo,Neo_Vessels_images,50.png,0.49763382515082816,0.5729531965308066,0.4595106271019698,0.54265508483735,0.035574778931180315,0.042011726259131105
Neo,Neo_Vessels_images,6.png,0.20810963976864208,0.24240513624607454,0.2220550221565731,0.1958123366738035,0.029516772395232604,0.026028450595924645
Neo,Neo_Vessels_images,7.png,0.44021266398026027,0.5053344780631286,0.7528156400837862,0.3110504860457824,0.038314590542099194,0.01583093041138024
Neo,Neo_Vessels_images,8.png,0.4432310744336167,0.5191521187321211,0.4896803803556215,0.40483033614686403,0.04230440215301807,0.03497404844290657
Neo,Neo_Vessels_images,9.png,0.4825497118714823,0.5431527397119084,0.48646945370260714,0.4786926320082907,0.05773476547481738,0.0568118031526336
RetCam,RetCam_Vessels_images,1.png,0.8171956035590237,0.9284322845738577,0.7594181110718076,0.8844886188072922,0.12641927083333335,0.14723958333333334
RetCam,RetCam_Vessels_images,10.png,0.7879395976521346,0.9381393482393043,0.7265241928022944,0.8606970626918018,0.0891015625,0.105556640625
RetCam,RetCam_Vessels_images,11.png,0.7590832439061781,0.9123849604993416,0.6607506255212677,0.8918006213697149,0.072294921875,0.09757486979166667
RetCam,RetCam_Vessels_images,12.png,0.8059280169371913,0.9179448920607571,0.7633421284080915,0.8535462806341214,0.08275065104166666,0.092529296875
RetCam,RetCam_Vessels_images,13.png,0.806818855618144,0.8987915961336939,0.7404767087505442,0.8862185749641787,0.04998046875,0.05981770833333333
RetCam,RetCam_Vessels_images,14.png,0.8051436752224154,0.9294412970900476,0.7892441860465116,0.8216969317470256,0.0623828125,0.06494791666666666
RetCam,RetCam_Vessels_images,15.png,0.7940910173933762,0.89240813703324,0.7371983454621868,0.8604993416126617,0.12607747395833332,0.14716471354166666
RetCam,RetCam_Vessels_images,16.png,0.7637653478854024,0.8771863398779336,0.7144899126031201,0.8203408904414695,0.13884440104166668,0.1594140625
RetCam,RetCam_Vessels_images,17.png,0.7698954070031833,0.8888418013911942,0.6937103052653145,0.8648786717752235,0.140185546875,0.174775390625
RetCam,RetCam_Vessels_images,18.png,0.7508770877687487,0.8726618501036262,0.7091959557053442,0.797763547739654,0.102177734375,0.11493815104166667
RetCam,RetCam_Vessels_images,19.png,0.7802671778589828,0.8921506171040713,0.7202897749267267,0.8511402992877214,0.09962890625,0.11772786458333333
RetCam,RetCam_Vessels_images,2.png,0.8025489060202309,0.9281022261267333,0.7656661848482272,0.8431647940074907,0.06953125,0.07656901041666667
RetCam,RetCam_Vessels_images,20.png,0.5643608594987611,0.6332006715210562,0.5832913518052057,0.546620505153828,0.04137044270833334,0.03876953125
RetCam,RetCam_Vessels_images,21.png,0.7797666052469948,0.896895134716708,0.7109220841555117,0.8633743523316062,0.10052083333333334,0.12207682291666666
RetCam,RetCam_Vessels_images,22.png,0.8159887379220613,0.9371911585468153,0.771352528429712,0.8661082182476795,0.07189127604166666,0.08072265625
RetCam,RetCam_Vessels_images,23.png,0.5361782422527034,0.633974925425519,0.6563027449586923,0.453223728605607,0.053063151041666666,0.03664388020833333
RetCam,RetCam_Vessels_images,24.png,0.8075338836760156,0.9402848486250868,0.7558954340383324,0.8667449368946287,0.08872395833333334,0.10173502604166666
RetCam,RetCam_Vessels_images,25.png,0.76673770662231,0.8937242768279896,0.6813321323818102,0.8766231836686179,0.10954752604166666,0.140947265625
RetCam,RetCam_Vessels_images,26.png,0.8206521739130435,0.9612769205171162,0.7785712444249658,0.8675418689494699,0.11331705729166666,0.12626627604166665
RetCam,RetCam_Vessels_images,27.png,0.7933067409247134,0.9267110716774006,0.7339956362285873,0.8630458515283843,0.11927083333333334,0.14024088541666666
RetCam,RetCam_Vessels_images,28.png,0.768276473194506,0.9024294034387546,0.7139855175351413,0.8315034063099411,0.09843098958333334,0.11463216145833334
RetCam,RetCam_Vessels_images,29.png,0.7460474449939081,0.8747423193199724,0.6579692556634305,0.8613510740409758,0.098349609375,0.12875
RetCam,RetCam_Vessels_images,3.png,0.7084551094703379,0.825194024857409,0.704553566875733,0.7124001031193606,0.063134765625,0.063837890625
RetCam,RetCam_Vessels_images,30.png,0.8174697769453431,0.9334122106112145,0.7473730638507641,0.9020762220900009,0.10394856770833333,0.12546549479166666
RetCam,RetCam_Vessels_images,31.png,0.7879319840286383,0.9066390884090091,0.6931835387457227,0.9126829073800885,0.08164388020833334,0.10749674479166667
RetCam,RetCam_Vessels_images,32.png,0.8132742009481572,0.9430357010374893,0.772459873629167,0.8586421248082667,0.040322265625,0.04482096354166667
RetCam,RetCam_Vessels_images,33.png,0.7322712963846227,0.8593264441862235,0.6522891811971041,0.8346090284422023,0.07485026041666666,0.095771484375
RetCam,RetCam_Vessels_images,34.png,0.7983675270240459,0.9381892272883425,0.7232936944139102,0.8908307692307692,0.026448567708333332,0.03257486979166667
RetCam,RetCam_Vessels_images,35.png,0.7648968042609854,0.9009203639618389,0.7044261352749569,0.8367244753971506,0.071513671875,0.08494466145833333
RetCam,RetCam_Vessels_images,36.png,0.7582581858513767,0.8554378089106064,0.6865376218890991,0.8467116599655371,0.09067708333333334,0.11183268229166667
RetCam,RetCam_Vessels_images,37.png,0.7683532958526847,0.9099193684256616,0.7118772018117765,0.8345625110625996,0.05517252604166667,0.06468098958333333
RetCam,RetCam_Vessels_images,38.png,0.7410600568237484,0.8875274401334688,0.6831236076825817,0.8097345132743363,0.045611979166666664,0.05406575520833334
RetCam,RetCam_Vessels_images,39.png,0.7112347273269097,0.8210620770448286,0.6403376976461329,0.7997855323712078,0.07285481770833334,0.09099609375
RetCam,RetCam_Vessels_images,4.png,0.8158717281859178,0.9180313504732802,0.7425729673384295,0.905225816699317,0.12296223958333333,0.14989583333333334
RetCam,RetCam_Vessels_images,40.png,0.49563993274156337,0.5597431497303885,0.7075866688996818,0.3813980080040923,0.10818033854166667,0.058310546875
RetCam,RetCam_Vessels_images,41.png,0.7654933068914229,0.8793972195691393,0.7986206896551724,0.7350047603935259,0.051285807291666666,0.047200520833333336
RetCam,RetCam_Vessels_images,42.png,0.7883322616472789,0.9552843373238465,0.7308692824626056,0.8556020809541937,0.025654296875,0.030032552083333334
RetCam,RetCam_Vessels_images,43.png,0.7204975491487904,0.8781269237943761,0.6478058951758128,0.8115649489432439,0.027415364583333334,0.034345703125
RetCam,RetCam_Vessels_images,44.png,0.7283260800922557,0.8592722801954946,0.6569418990539403,0.8171148692357453,0.105673828125,0.13143880208333333
RetCam,RetCam_Vessels_images,45.png,0.7459758551307847,0.8556311701258602,0.6607663642255347,0.8564153716925661,0.06200520833333333,0.08036458333333334
RetCam,RetCam_Vessels_images,46.png,0.7621062755470065,0.9180626969646708,0.6823975198070961,0.8628988348034411,0.029892578125,0.037799479166666664
RetCam,RetCam_Vessels_images,47.png,0.6205249841872232,0.7145679265044712,0.6023885545867617,0.6397874005478023,0.09983072916666667,0.10602864583333334
RetCam,RetCam_Vessels_images,48.png,0.600069026345055,0.7040143706619472,0.5869907720009003,0.6137433322874176,0.04149739583333333,0.043388671875
RetCam,RetCam_Vessels_images,49.png,0.8069256224393319,0.9252888029783034,0.7336318051575931,0.8964898459383753,0.074375,0.09088541666666666
RetCam,RetCam_Vessels_images,5.png,0.6892383342723967,0.8050927167426464,0.6793900838129859,0.6993762993762994,0.0939453125,0.096708984375
RetCam,RetCam_Vessels_images,50.png,0.8137573663889454,0.946190866819022,0.7683231005372217,0.864902807775378,0.030143229166666667,0.03393229166666667
RetCam,RetCam_Vessels_images,6.png,0.7980307649181821,0.9024599122298042,0.7316328825211218,0.8776831477128213,0.08446940104166667,0.10133138020833334
RetCam,RetCam_Vessels_images,7.png,0.8161889957274902,0.9176400456807691,0.748348553383972,0.8975555828522295,0.15900390625,0.19070638020833333
RetCam,RetCam_Vessels_images,8.png,0.7598169115875693,0.8988186974274389,0.66923787413565,0.8787531139373279,0.09930989583333333,0.130400390625
RetCam,RetCam_Vessels_images,9.png,0.7303876174097103,0.8574987627383837,0.7365998465694941,0.7242792955298285,0.09925455729166667,0.09759440104166667
