holdout,branch,auc,sensitivity,specificity,f1,n_test,best_model
farabi,A,0.5140213019514375,0.2295918367346938,0.8077858880778589,0.3064699205448354,1410.0,mlp
farabi,B,0.7370855884933049,0.5697278911564626,0.8004866180048662,0.6163753449862005,1410.0,
farabi,C,0.7351469784994289,0.7159863945578231,0.6094890510948905,0.6330827067669172,1410.0,xgboost
farfum_rop,A,0.6811849839063302,0.3602941176470588,0.8691514670896114,0.3663551401869159,1533.0,lightgbm
farfum_rop,B,0.8633816532164015,0.7352941176470589,0.8437747819191118,0.5979073243647235,,
farfum_rop,C,0.8721427905024024,0.8382352941176471,0.7153053132434576,0.5308498253783469,,xgboost
plus,A,0.7747180833364145,0.9491255961844196,0.2548837209302325,0.22825463582489,6004.0,lightgbm
plus,B,0.8865491921470035,0.8060413354531002,0.7916279069767442,0.449468085106383,,
plus,C,0.8429078271157615,0.7297297297297297,0.7828837209302325,0.4070953436807095,,xgboost
